{
  "timestamp": "2026-01-18 01:36:54",
  "test_size": 747,
  "results": {
    "xgboost_default": {
      "mae": 3.1909029483795166,
      "rmse": 4.731462142804173,
      "mape": 1.291487460682894,
      "r2": 0.9692659378051758
    },
    "xgboost_optuna": {
      "mae": 2.9637491703033447,
      "rmse": 4.688687186902224,
      "mape": 1.2220265909935388,
      "r2": 0.9698191285133362
    },
    "random_forest": {
      "mae": 5.774487504313671,
      "rmse": 7.922311484162805,
      "mape": 2.3664539403456337,
      "r2": 0.9138345053459651
    },
    "ensemble": {
      "mae": 2.96374905955201,
      "rmse": 4.688687028182582,
      "mape": 1.2220265909935388,
      "r2": 0.9698191096956762,
      "xgboost_weight": 1.0,
      "rf_weight": 0.0
    }
  },
  "best_model": "ensemble",
  "recommendation": {
    "xgboost": "use_optuna",
    "final": "use_ensemble"
  }
}