{
  "timestamp": "2026-01-17 04:05:43",
  "baseline": {
    "name": "XGBoost (Current)",
    "mae": 19.61819839477539,
    "rmse": 23.87064086104911,
    "mape": 8.105971997403673,
    "r2": 0.08712732791900635
  },
  "solutions": {
    "solution5_randomforest": {
      "mae": 17.37969187873919,
      "rmse": 21.629653742078325,
      "mape": 7.156486876760352,
      "r2": 0.25048357191234705,
      "improvement_over_baseline": -2.2385065160361997
    },
    "solution1_enhanced_holiday": {
      "mae": 19.317337036132812,
      "rmse": 23.91544579060322,
      "mape": 8.002009160516788,
      "r2": 0.08369714021682739,
      "improvement_over_baseline": -0.3008613586425781
    },
    "solution2_postprocess": {
      "mae": 19.710350036621094,
      "rmse": 23.945507493088606,
      "mape": 8.14358404156754,
      "r2": 0.08139216899871826,
      "improvement_over_baseline": 0.09215164184570312
    },
    "solution5_gradientboost": {
      "mae": 19.921363782206075,
      "rmse": 24.331944445016994,
      "mape": 8.229825168685872,
      "r2": 0.0515036707515002,
      "improvement_over_baseline": 0.3031653874306848
    },
    "solution3_segmented": {
      "mae": 20.03032875061035,
      "rmse": 25.395725449251298,
      "mape": 8.250001846483986,
      "r2": -0.033244967460632324,
      "improvement_over_baseline": 0.41213035583496094
    },
    "solution4_weather": {
      "mae": 20.095117568969727,
      "rmse": 24.94806495149912,
      "mape": 8.374798993496848,
      "r2": 0.0028607845306396484,
      "improvement_over_baseline": 0.47691917419433594
    }
  }
}