{
  "mae": 13.234405517578125,
  "rmse": 16.80526135119687,
  "mape": 5.241095749123788,
  "r2": 0.6294520497322083,
  "adj_r2": 0.6294520497322083,
  "mean_error": -1.738726806640625,
  "std_error": 16.715072638911785,
  "training_date": "2026-01-06 12:29:56 HKT",
  "data_count": 21,
  "train_count": 16,
  "test_count": 5,
  "feature_count": 15,
  "ai_factors_count": 0,
  "cv_mae_mean": 26.10814666748047,
  "cv_mae_std": 13.683868318630992,
  "cv_rmse_mean": 32.14340205680862,
  "cv_rmse_std": 17.67558794527345,
  "cv_mape_mean": 12.317481158572884,
  "cv_mape_std": 8.319150835365187,
  "time_series_validation": true,
  "version": "2.9.52",
  "optuna_optimized": true
}