{
  "mae": 6.3010382652282715,
  "rmse": 8.200632061672898,
  "mape": 2.452904165325269,
  "r2": 0.9033560752868652,
  "adj_r2": 0.8737749500419704,
  "mean_error": -4.637076555296432,
  "std_error": 6.763718682628634,
  "training_date": "2026-01-02 04:38:16 HKT",
  "data_count": 3438,
  "train_count": 2750,
  "test_count": 688,
  "feature_count": 161,
  "ai_factors_count": 0,
  "cv_mae_mean": 17.071793874104817,
  "cv_mae_std": 17.058546731736687,
  "cv_rmse_mean": 21.144637140283752,
  "cv_rmse_std": 20.165061971373408,
  "cv_mape_mean": 8.943900315787257,
  "cv_mape_std": 9.624344715414408,
  "time_series_validation": true,
  "version": "2.9.50",
  "optuna_optimized": true
}