{
  "mae": 6.082827568054199,
  "rmse": 8.350378939316213,
  "mape": 2.379143401057594,
  "r2": 0.899794340133667,
  "adj_r2": 0.8935992452423944,
  "mean_error": -3.8546569070150687,
  "std_error": 7.407458956238739,
  "training_date": "2026-01-04 03:36:16 HKT",
  "data_count": 3438,
  "train_count": 2750,
  "test_count": 688,
  "feature_count": 40,
  "ai_factors_count": 0,
  "cv_mae_mean": 15.17402203877767,
  "cv_mae_std": 15.133643233207197,
  "cv_rmse_mean": 18.959754359472374,
  "cv_rmse_std": 18.050291823415233,
  "cv_mape_mean": 7.973385916281391,
  "cv_mape_std": 8.570600753215118,
  "time_series_validation": true,
  "version": "2.9.52",
  "optuna_optimized": true
}