{
  "mae": 5.21755838394165,
  "rmse": 7.2291462336387955,
  "mape": 2.0535932660379297,
  "r2": 0.9248976111412048,
  "adj_r2": 0.9218252406878905,
  "mean_error": -3.0362257402996686,
  "std_error": 6.560631619517428,
  "training_date": "2026-01-04 03:20:55 HKT",
  "data_count": 3438,
  "train_count": 2750,
  "test_count": 688,
  "feature_count": 27,
  "ai_factors_count": 0,
  "cv_mae_mean": 15.577476660410563,
  "cv_mae_std": 15.488865036604858,
  "cv_rmse_mean": 19.42472036812296,
  "cv_rmse_std": 18.323703378203344,
  "cv_mape_mean": 8.165982287656105,
  "cv_mape_std": 8.746361078935248,
  "time_series_validation": true,
  "version": "2.9.52",
  "optuna_optimized": true
}