{
  "mae": 7.258857727050781,
  "rmse": 9.550798025292016,
  "mape": 2.802257422639932,
  "r2": 0.8689131736755371,
  "adj_r2": 0.863962764826426,
  "mean_error": -5.510120746701262,
  "std_error": 7.80104554302283,
  "training_date": "2026-01-02 05:15:42 HKT",
  "data_count": 3438,
  "train_count": 2750,
  "test_count": 688,
  "feature_count": 25,
  "ai_factors_count": 0,
  "cv_mae_mean": 16.552453358968098,
  "cv_mae_std": 16.756277253238387,
  "cv_rmse_mean": 20.562818419334963,
  "cv_rmse_std": 19.80458716604002,
  "cv_mape_mean": 8.681301908600936,
  "cv_mape_std": 9.454371824677768,
  "time_series_validation": true,
  "version": "2.9.52",
  "optuna_optimized": true
}