{
  "mae": 6.184526443481445,
  "rmse": 8.411740009957345,
  "mape": 2.4156620243506026,
  "r2": 0.8983162641525269,
  "adj_r2": 0.8944762439165951,
  "mean_error": -3.872793153274891,
  "std_error": 7.467184322686759,
  "training_date": "2026-01-04 03:40:11 HKT",
  "data_count": 3438,
  "train_count": 2750,
  "test_count": 688,
  "feature_count": 25,
  "ai_factors_count": 0,
  "cv_mae_mean": 16.51905695597331,
  "cv_mae_std": 16.40509910151576,
  "cv_rmse_mean": 20.507417319418945,
  "cv_rmse_std": 19.453041750875798,
  "cv_mape_mean": 8.654925733213775,
  "cv_mape_std": 9.30959852037337,
  "time_series_validation": true,
  "version": "2.9.52",
  "optuna_optimized": true
}