{
  "mae": 5.33204984664917,
  "rmse": 7.464961795083132,
  "mape": 2.098729971380386,
  "r2": 0.9199180006980896,
  "adj_r2": 0.9168937560114616,
  "mean_error": -3.28888154584308,
  "std_error": 6.7014110743708555,
  "training_date": "2026-01-02 05:22:43 HKT",
  "data_count": 3438,
  "train_count": 2750,
  "test_count": 688,
  "feature_count": 25,
  "ai_factors_count": 0,
  "cv_mae_mean": 15.180886109670004,
  "cv_mae_std": 15.120602229463936,
  "cv_rmse_mean": 18.800666386049922,
  "cv_rmse_std": 18.020116678374656,
  "cv_mape_mean": 7.9661933591326415,
  "cv_mape_std": 8.547214800696748,
  "time_series_validation": true,
  "version": "2.9.52",
  "optuna_optimized": true
}