{
  "mae": 10.967022895812988,
  "rmse": 14.427051016246898,
  "mape": 4.333187507450429,
  "r2": 0.7269079685211182,
  "adj_r2": 0.7269079685211182,
  "mean_error": -2.562567138671875,
  "std_error": 14.197642414769613,
  "training_date": "2026-01-05 17:07:10 HKT",
  "data_count": 21,
  "train_count": 16,
  "test_count": 5,
  "feature_count": 15,
  "ai_factors_count": 0,
  "cv_mae_mean": 25.361048380533855,
  "cv_mae_std": 13.067732359357839,
  "cv_rmse_mean": 31.87649999477253,
  "cv_rmse_std": 17.590042398730212,
  "cv_mape_mean": 12.04337247268908,
  "cv_mape_std": 8.09933732233536,
  "time_series_validation": true,
  "version": "2.9.52",
  "optuna_optimized": true
}