{
  "mae": 4.734733581542969,
  "rmse": 6.837731907344624,
  "mape": 1.871797576192047,
  "r2": 0.9328101277351379,
  "adj_r2": 0.9302727458520238,
  "mean_error": -2.228802193042844,
  "std_error": 6.464287997875895,
  "training_date": "2026-01-02 05:06:36 HKT",
  "data_count": 3438,
  "train_count": 2750,
  "test_count": 688,
  "feature_count": 25,
  "ai_factors_count": 0,
  "cv_mae_mean": 15.801633993784586,
  "cv_mae_std": 15.910581930997564,
  "cv_rmse_mean": 19.566591194103964,
  "cv_rmse_std": 18.885657032901424,
  "cv_mape_mean": 8.306629334561277,
  "cv_mape_std": 8.998037930183907,
  "time_series_validation": true,
  "version": "2.9.51",
  "optuna_optimized": true
}