{
  "timestamp": "2026-01-17 23:15:41",
  "baseline_mae": 15.77,
  "results": [
    {
      "name": "XGBoost",
      "mae": 16.121362686157227,
      "rmse": 20.794703117245387,
      "r2": 0.38208770751953125
    },
    {
      "name": "Random Forest",
      "mae": 15.8301205041303,
      "rmse": 20.496706512443676,
      "r2": 0.3996706903003202
    },
    {
      "name": "Gradient Boosting",
      "mae": 15.959645189447906,
      "rmse": 20.300593440348628,
      "r2": 0.4111036677421227
    },
    {
      "name": "Ensemble (Simple Average)",
      "mae": 15.72605500646239,
      "rmse": 20.238164574834943,
      "r2": 0.41472007443235726
    }
  ],
  "best": {
    "name": "Ensemble (Simple Average)",
    "mae": 15.72605500646239,
    "rmse": 20.238164574834943,
    "r2": 0.41472007443235726
  }
}