{
  "timestamp": "2026-01-17 04:21:00",
  "total_days": 4064,
  "covid_excluded_days": 881,
  "usable_days": 3183,
  "results": {
    "500 \u5929": {
      "size": 500,
      "train_days": 400,
      "test_days": 100,
      "rf_mae": 20.27508189348169,
      "xgb_mae": 21.56800079345703,
      "winner": "RF",
      "gap": 1.2929188999753407
    },
    "1000 \u5929": {
      "size": 1000,
      "train_days": 800,
      "test_days": 200,
      "rf_mae": 18.337489723182244,
      "xgb_mae": 20.207569122314453,
      "winner": "RF",
      "gap": 1.8700793991322087
    },
    "2000 \u5929": {
      "size": 2000,
      "train_days": 1600,
      "test_days": 400,
      "rf_mae": 16.693769141922985,
      "xgb_mae": 18.1003360748291,
      "winner": "RF",
      "gap": 1.4065669329061166
    },
    "3000 \u5929": {
      "size": 3000,
      "train_days": 2400,
      "test_days": 600,
      "rf_mae": 16.907142715150762,
      "xgb_mae": 17.582740783691406,
      "winner": "RF",
      "gap": 0.6755980685406442
    },
    "\u5168\u90e8\u6578\u64da": {
      "size": 3183,
      "train_days": 2546,
      "test_days": 637,
      "rf_mae": 16.999294584113922,
      "xgb_mae": 17.371845245361328,
      "winner": "RF",
      "gap": 0.37255066124740566
    }
  }
}