{
  "timestamp": "2026-01-17 04:12:50",
  "data_days": 3183,
  "train_days": 2546,
  "test_days": 637,
  "features": {
    "base": 15,
    "weather": 13,
    "ai": 0,
    "total": 28
  },
  "results": {
    "rf_base": {
      "mae": 16.999294584113922,
      "rmse": 22.01199780696808,
      "mape": 6.9005936619519135,
      "r2": 0.3103242135535763
    },
    "xgb_base": {
      "mae": 17.371845245361328,
      "rmse": 22.50121999188148,
      "mape": 7.12150135058889,
      "r2": 0.2793270945549011
    },
    "rf_all": {
      "mae": 16.325984175710737,
      "rmse": 21.20384555869101,
      "mape": 6.670790731444209,
      "r2": 0.3600363279473846
    },
    "xgb_all": {
      "mae": 17.08445167541504,
      "rmse": 22.087826292156954,
      "mape": 7.021677147629338,
      "r2": 0.30556434392929077
    },
    "ensemble_simple": {
      "mae": 16.538932419750637,
      "rmse": 21.412693800120046,
      "mape": 6.779150703732495,
      "r2": 0.34736754020017735
    },
    "ensemble_weighted": {
      "mae": 16.530636109292242,
      "rmse": 21.402671361431867,
      "mape": 6.775324968323609,
      "r2": 0.3479783403255937
    },
    "ensemble_adaptive": {
      "mae": 16.47277086501388,
      "rmse": 21.332927211718644,
      "mape": 6.748508135099709,
      "r2": 0.3522208577260516
    }
  },
  "best_model": "rf_all",
  "improvement_over_baseline": 3.9608138153709254
}