{
  "timestamp": "2026-01-30 22:42:37",
  "test_days": 60,
  "results": {
    "rf": {
      "day_1_7": {
        "mae": 13.268564952905397,
        "rmse": 17.805925174598315,
        "mape": 5.996670827063869,
        "r2": 0.046433980183752555
      },
      "day_8_14": {
        "mae": 20.695798007499494,
        "rmse": 25.192280807389377,
        "mape": 9.499089209584001,
        "r2": 0.23309742042812331
      },
      "day_15_21": {
        "mae": 14.91625273689987,
        "rmse": 19.115796334670797,
        "mape": 5.997906885646766,
        "r2": 0.5088525947464873
      },
      "day_22_30": {
        "mae": 15.55654040673768,
        "rmse": 19.84178288769811,
        "mape": 5.874192812045904,
        "r2": 0.3208083957836406
      },
      "day_31_60": {
        "mae": 16.803087672942258,
        "rmse": 21.589702218333933,
        "mape": 6.125469078485678,
        "r2": -0.18173723041756173
      },
      "overall": {
        "mae": 16.43776339550067,
        "rmse": 21.11339778494748,
        "mape": 6.451457935317433,
        "r2": 0.3342714045202688
      }
    },
    "xgb": {
      "day_1_7": {
        "mae": 16.820154190063477,
        "rmse": 19.76228433355006,
        "mape": 7.516071412484127,
        "r2": -0.17461609840393066
      },
      "day_8_14": {
        "mae": 30.131505966186523,
        "rmse": 33.21513018259713,
        "mape": 13.741082774487873,
        "r2": -0.3331441879272461
      },
      "day_15_21": {
        "mae": 19.645292282104492,
        "rmse": 22.626009586633987,
        "mape": 8.08368270498654,
        "r2": 0.31191354990005493
      },
      "day_22_30": {
        "mae": 18.28211212158203,
        "rmse": 20.68896774202301,
        "mape": 7.162958607298782,
        "r2": 0.26157134771347046
      },
      "day_31_60": {
        "mae": 19.34660530090332,
        "rmse": 23.50169723550235,
        "mape": 7.15360222694294,
        "r2": -0.40031611919403076
      },
      "overall": {
        "mae": 20.18526268005371,
        "rmse": 23.96605188733443,
        "mape": 8.07434254196145,
        "r2": 0.14222389459609985
      }
    }
  },
  "conclusion": {
    "rf_better_short_term": true,
    "rf_better_long_term": true,
    "rf_overall_mae": 16.43776339550067,
    "xgb_overall_mae": 20.18526268005371
  }
}