{
  "timestamp": "2026-01-17 23:14:41",
  "baseline_mae": 15.77,
  "results": [
    {
      "name": "Enhanced Features",
      "mae": 16.902137756347656,
      "rmse": 21.913109242858557,
      "r2": 0.31383371353149414,
      "feature_count": 66
    },
    {
      "name": "weighted_average",
      "mae": 16.609392759040112,
      "results": {
        "simple_average": {
          "mae": 16.61637241860896,
          "predictions": 